NAME,PREFIX,EXTENSION,PLACEHOLDERS,
ENGLLANG-REVISE-EDEXCELGCSE(9-1), https://resources.pearsonactivelearn.com/r00/r0054/r005444/r00544408/current/OPS/images/EdexEngLangRG-,.jpg,2,
ACCES-STUDIO, https://resources.pearsonactivelearn.com/r00/r0021/r002163/r00216387/current/OPS/images/Access_Studio_Full_Book-,.pdf.jpg,2,
STUDIO1, https://resources.pearsonactivelearn.com/r00/r0021/r002139/r00213910/current/OPS/images/page,FRST_SB_KS3_6967_COMBINED_PDF_FOR_REFINERY.pdf.jpg,3,
STUDIO2-VERT, https://resources.pearsonactivelearn.com/r00/r0024/r002482/r00248244/current/OPS/images/Studio2Vert_StudentBook-,.pdf.jpg,2,
STUDIO2-ROUGE, https://resources.pearsonactivelearn.com/r00/r0024/r002482/r00248243/current/OPS/images/Studio2Rouge_StudentBook-,.pdf.jpg,2,
STUDIOAQAGCSEFRENCH, https://resources.pearsonactivelearn.com/r00/r0062/r006201/r00620160/current/OPS/images/577990-,.jpg,2,
VIVA1, https://resources.pearsonactivelearn.com/r00/r0021/r002139/r00213912/current/OPS/images/VIVA_SB_KS3_COMBINED_PDF_FOR_REFINERY-,.pdf.jpg,2,
VIVA2, https://resources.pearsonactivelearn.com/r00/r0025/r002556/r00255653/current/OPS/images/Viva_2_SB_DIGITAL-,.pdf.jpg,2,
VIVA-AQAGCSE-SPANISH-HIGHER, https://resources.pearsonactivelearn.com/r00/r0062/r006201/r00620161/current/OPS/images/577991-,.jpg,2,
STIMMT-GERMAN-FOUNDATION, https://resources.pearsonactivelearn.com/r00/r0062/r006201/r00620168/current/OPS/images/575895-,.jpg,2,
STIMMT-GERMAN-HIGHER, https://resources.pearsonactivelearn.com/r00/r0062/r006201/r00620162/current/OPS/images/577992-,.jpg,2,
FRENCHAS, https://assets-runtime-production-oxed-oup.avallain.net/S3_138362_ebook_ref70032_,.jpg,0,
FRENCHA2, https://assets-runtime-production-oxed-oup.avallain.net/S3_138608_ebook_ref70035_,.jpg,0,
SPANISHAS, https://assets-runtime-production-oxed-oup.avallain.net/S3_139515_ebook_ref70047_,.jpg,0,
SPANISHA2, https://assets-runtime-production-oxed-oup.avallain.net/S3_139726_ebook_ref70050_,.jpg,0,
ZOOM-DEUTCH1, https://assets-runtime-production-oxed-oup.avallain.net/S3_125180_ebook_ref50074_,.jpg,0,
PSYCHY1, https://assets-runtime-production-oxed-oup.avallain.net/ebooks/dd094244a18d3730296d98c0/images/page-,.jpg,0,
PSYCHY2, https://assets-runtime-production-oxed-oup.avallain.net/ebooks/3fa3839c41f231423664d60f/images/page-,.jpg,0,
ADDITIONALAPPLIED, https://assets-runtime-production-oxed-oup.avallain.net/S3_145456_ebook_ref70072_,.jpg,0,
ADDITIONALSCIENCE, https://assets-runtime-production-oxed-oup.avallain.net/S3_157065_ebook_ref91780_,.jpg,0,
BIOLOGY, https://assets-runtime-production-oxed-oup.avallain.net/S3_143013_ebook_ref70063_,.jpg,0,
CHEMISTRY, https://assets-runtime-production-oxed-oup.avallain.net/S3_143799_ebook_ref70065_,.jpg,0,
PHYSICS, https://assets-runtime-production-oxed-oup.avallain.net/S3_144380_ebook_ref70067_,.jpg,0,
SCIENCEA, https://assets-runtime-production-oxed-oup.avallain.net/S3_157385_ebook_ref91784_,.jpg,0,
SCIENCEB, https://assets-runtime-production-oxed-oup.avallain.net/S3_144868_ebook_ref70070_,.jpg,0,
AQA-GCSE-SCIENCES-(9-1),,,,
FOUNDATION COMBINED TRILOGY, Not easy to rip off,,,
BIOLOGY FOR COMBINED TRILOGY, https://assets-runtime-production-oxed-oup.avallain.net/ebooks/3f9be943ad3da0e69fc5f193/images/,.jpg,0,https://assets-runtime-production-oxed-oup.avallain.net/ebooks/14f161be3461f0e570073792/images/3.jpg
BIOLOGY, https://assets-runtime-production-oxed-oup.avallain.net/ebooks/674e757eabe1cb809d10c484/images/page-,.jpg,0,
CHEMISTRY FOR COMBINED TRILOGY, https://assets-runtime-production-oxed-oup.avallain.net/ebooks/5c9c16a4575b114dc010c8b8/images/,.jpg,0,
CHEMISTRY, https://assets-runtime-production-oxed-oup.avallain.net/ebooks/32901d8ab3919c171453f0bd/images/,.jpg,0,
PHYSICS FOR COMBINED TRILOGY, https://assets-runtime-production-oxed-oup.avallain.net/ebooks/c8bf7b34e501e74cd8dc811d/images/,.jpg,0,
PHYSICS, https://assets-runtime-production-oxed-oup.avallain.net/ebooks/a9ac86c27312f5ea17eafdcf/images/,.jpg,0,
SYNERGY: LIFE AND ENVIRONMENTAL SCIENCES, https://assets-runtime-production-oxed-oup.avallain.net/ebooks/110ba752923c0024502d9e7c/images/page-,.jpg,0,
SYNERGY: PHYSICAL SCIENCES, https://assets-runtime-production-oxed-oup.avallain.net/ebooks/1e5d9838a48359775a5b0710/images/page-,.jpg,0,
AQA-A-LEVEL-FRENCH-FOR-2016,,,,
FRENALEVELY1, https://assets-runtime-production-oxed-oup.avallain.net/ebooks/907c7cbcea05fd121a621cc9/images/,.jpg,0,
FRENALEVELY2, https://assets-runtime-production-oxed-oup.avallain.net/ebooks/7866b877c78c253f73acc74d/images/page-,.jpg,0,
AQA-A-LEVEL-SPANISH-FOR-2016,,,,
SPANALEVELY1, https://assets-runtime-production-oxed-oup.avallain.net/ebooks/5b911e53b587d8866e424b34/images/page-,.jpg,0,
SPANALEVELY2, https://assets-runtime-production-oxed-oup.avallain.net/ebooks/a77e0f721be349c07d6b99bc/images/page-,.jpg,0,
AQA-GCSE-PHYS-ED-EDITION-3-(9-1), Not easy to rip off,,,
AQA-ACTIVATE-COMBINED,,,,
AQAACTIVATE1, https://assets-runtime-production-oxed-oup.avallain.net/ebooks/39dc0709416d00d70efd609f/images/page-,.jpg,0,
AQAACTIVATE2, https://assets-runtime-production-oxed-oup.avallain.net/ebooks/ecc1ef06056d7b99870320b8/images/page-,.jpg,0,
A-LEVEL-SCIENCES-FOR-AQA,,,,
BIOALEVEL, Not easy to rip off,,,
BIOALEVELY1, https://assets-runtime-production-oxed-oup.avallain.net/ebooks/4b8df1393db41542b9ff6c82/images/,.jpg,0,
BIOALEVELY2, https://assets-runtime-production-oxed-oup.avallain.net/ebooks/d4f622cb86996e1f3c2a54fd/images/,.jpg,0,
CHEMALEVEL, https://assets-runtime-production-oxed-oup.avallain.net/ebooks/49e4facea7d2235194fbcf94/images/,.jpg,0,
CHEMALEVELY1, https://assets-runtime-production-oxed-oup.avallain.net/ebooks/c17c84e34e3372afabac6dd4/images/,.jpg,0,
CHEMALEVELY2, https://assets-runtime-production-oxed-oup.avallain.net/ebooks/3e4bb1557d838bae9845685e/images/,.jpg,0,
PHYSALEVEL, https://assets-runtime-production-oxed-oup.avallain.net/ebooks/59205d88a7203d0941b3607b/images/,.jpg,0,
PHYSALEVELY1, https://assets-runtime-production-oxed-oup.avallain.net/ebooks/e162a97ccf90dd51bc1897ee/images/,.jpg,0,
PHYSALEVELY2, https://assets-runtime-production-oxed-oup.avallain.net/ebooks/851ca24c696c2aeb3b0d52df/images/,.jpg,0,
